country,sex,age,agecode,pi_2014,pi_2024,Lx_2014,Lx_2024,d_prev,d_mort,d_total
United Kingdom,Male,<1,1,0.951051743674088,0.930795843829628,-4.263256414560601e-14,4.615520323188051,-0.046745758698282895,4.342852892632942,4.29610713393466
United Kingdom,Male,01 to 04,2,0.949304344854187,0.926846817779985,4.702788533462064,5.3436501792764936e-14,-0.05280650040723613,-4.411571087338702,-4.464377587745938
United Kingdom,Male,05 to 09,3,0.946129366682256,0.91857955313954,4.253547607778997,8.311774467258179,-0.17308614013572388,3.7837059117656118,3.610619771629888
United Kingdom,Male,10 to 14,4,0.940919633589465,0.908811923416584,3.90581804867368,3.685653214924896,-0.12187237955868868,-0.20362292036405832,-0.325495299922747
United Kingdom,Male,15 to 19,5,0.931954904732217,0.894189902066641,3.668936491318557,3.5718615193889898,-0.13672437808763407,-0.08863647792966199,-0.22536085601729605
United Kingdom,Male,20 to 24,6,0.917117452884088,0.874475693561545,6.743268627369035,6.722582167093817,-0.28710378432537964,-0.01853086022665053,-0.30563464455203015
United Kingdom,Male,25 to 29,7,0.902566166438758,0.859881868006112,5.85210734554187,3.0564637502954084,-0.19012805363158122,-2.463588279725258,-2.653716333356839
United Kingdom,Male,30 to 34,8,0.88466932798562,0.843251033967318,5.187646871020438,5.6412146317392295,-0.22425648480238575,0.39186448463569895,0.1676079998333132
United Kingdom,Male,35 to 39,9,0.861326566008939,0.822665552362095,4.736000920779159,5.006916338081277,-0.18833552855243732,0.228109713740983,0.03977418518854567
United Kingdom,Male,40 to 44,10,0.83419932494327,0.797821691703328,4.405025776409111,4.554736879516417,-0.1629674799070939,0.12216583334823436,-0.04080164655885954
United Kingdom,Male,45 to 49,11,0.803402135785839,0.767500437509708,5.915707489541093,4.274838352446806,-0.18292895104406537,-1.2888227749513297,-1.4717517259953952
United Kingdom,Male,50 to 54,12,0.766351812350991,0.734199222849034,3.636799025530149,4.0762504272307005,-0.12399725643145677,0.32970962787093233,0.20571237143947557
United Kingdom,Male,55 to 59,13,0.723423106990899,0.698301626257691,5.203767597154349,5.490902192178088,-0.13433297053036808,0.20411317775828344,0.06978020722791536
United Kingdom,Male,60 to 64,14,0.678532958140644,0.656876990224339,4.636190358739794,4.687009330717335,-0.10095145667609406,0.03393208037224457,-0.06701937630384949
United Kingdom,Male,65 to 69,15,0.636815097557752,0.618982482783657,4.90374199065529,3.816220224105604,-0.07774986351024779,-0.6828536015008555,-0.7606034650111033
United Kingdom,Male,70 to 74,16,0.587284957687215,0.581191752048426,3.035915273696837,3.053974275378156,-0.01855347467001301,0.010550761432849094,-0.008002713237163917
United Kingdom,Male,75 to 79,17,0.529768757913537,0.531446026689346,4.023454111526055,3.2589746517864806,0.006107295188379073,-0.40563845260043047,-0.3995311574120514
United Kingdom,Male,80 to 84,18,0.467355678435998,0.473925578127399,2.2022779429887978,2.665022768903764,0.015988838722509363,0.21778651560272502,0.23377535432523439
United Kingdom,Male,85 to 89,19,0.404599082787585,0.410831477620495,1.7475142152857908,1.3221541583416856,0.009565692655271553,-0.17342579480457226,-0.16386010214930072
United Kingdom,Male,90+,20,0.332883839547673,0.338539860328495,0.8597449370859324,1.0190991585939,0.005313390624544927,0.053497100497883025,0.05881049112242795
United Kingdom,Female,<1,1,0.940996988559741,0.913228118171161,-2.8421709430404014e-14,-7.105427357601003e-14,1.3811678394408494e-15,-3.952518540154917e-14,-3.814401756210832e-14
United Kingdom,Female,01 to 04,2,0.940011820054688,0.908975626679003,4.595657813033682,4.414572344610006,-0.139821622766029,-0.16741237895063377,-0.30723400171666276
United Kingdom,Female,05 to 09,3,0.936437995850492,0.900487253853591,4.190755996802971,4.147788557567381,-0.14988843195191645,-0.03946398702349068,-0.18935241897540714
United Kingdom,Female,10 to 14,4,0.929326361043091,0.887860510062346,7.419074780726249,3.9849937917885714,-0.2364397040010482,-3.120183443705162,-3.35662314770621
United Kingdom,Female,15 to 19,5,0.917391366613234,0.861651094441978,3.3700452698649004,7.803674737882765,-0.3114130971986317,3.9438075400947055,3.6323944428960737
United Kingdom,Female,20 to 24,6,0.902618553262242,0.839236906937343,6.233559350817197,3.726942854477318,-0.3156565139971771,-2.1830818153879856,-2.4987383293851626
United Kingdom,Female,25 to 29,7,0.886165891253904,0.827763182661612,2.9015329399113594,3.537527382728961,-0.1880292818156762,0.5450246831968931,0.3569954013812169
United Kingdom,Female,30 to 34,8,0.866260394736455,0.811790434509185,5.50458961917935,6.497353362501411,-0.3268726784310568,0.8329540113632949,0.5060813329322382
United Kingdom,Female,35 to 39,9,0.842099001206491,0.79076060251894,5.050734949401503,5.775548197333264,-0.27790202024569166,0.5917591363963992,0.31385711615070755
United Kingdom,Female,40 to 44,10,0.814481942423923,0.766701265071769,6.704168232668173,2.778296415502268,-0.22653929192871952,-3.103761296041663,-3.330300587970383
United Kingdom,Female,45 to 49,11,0.783324599504676,0.736414770712164,4.010062356517486,5.567465589927478,-0.22464009811161634,1.1834235045580854,0.9587834064464691
United Kingdom,Female,50 to 54,12,0.748484741070988,0.706337034561856,3.8872471429982345,5.162279554197194,-0.19070839763997338,0.9274724582249483,0.7367640605849749
United Kingdom,Female,55 to 59,13,0.710444516845876,0.678051581119573,5.396228835244262,6.525433718804254,-0.19308882443198327,0.783948287313289,0.5908594628813058
United Kingdom,Female,60 to 64,14,0.671156221037397,0.645105974721041,4.656827607704416,3.757259568031327,-0.10959452172760416,-0.592033701567107,-0.7016282232947112
United Kingdom,Female,65 to 69,15,0.626970050645171,0.618887422515046,4.1191751942451456,4.595992628355037,-0.03522073030085401,0.29702328180944393,0.26180255150858994
United Kingdom,Female,70 to 74,16,0.577276905930496,0.58671102591309,4.615955276655939,4.432569715385007,0.04268243522020746,-0.10672929009686334,-0.06404685487665587
United Kingdom,Female,75 to 79,17,0.522403683194559,0.532428880298745,3.5841022554639634,3.501448053434252,0.035517019219165426,-0.04359317190524697,-0.008076152686081542
United Kingdom,Female,80 to 84,18,0.46411241907708,0.463753560047051,2.757364084212728,3.477235411704429,-0.0011186711638621364,0.3339720570632377,0.3328533858993755
United Kingdom,Female,85 to 89,19,0.404398941562515,0.391904795181679,2.209856517609416,1.81162491809136,-0.025122488862730035,-0.1585566553929227,-0.18367914425565274
United Kingdom,Female,90+,20,0.322344408439895,0.325992126498008,1.520334504215783,1.926650731924359,0.006286815145958712,0.1317148275808091,0.13800164272676782
England,Male,<1,1,0.95026834616446,0.930998225204341,4.929232870409322,4.625247367123023,-0.0920579949441576,-0.28593888275661733,-0.37799687770077495
England,Male,01 to 04,2,0.948984595313346,0.927237847964758,-1.3304976626472272e-14,5.334976663491596e-14,-4.3542196547044196e-16,6.252956262897829e-14,6.209414066350784e-14
England,Male,05 to 09,3,0.946264837389029,0.919059548475642,8.404485911856705,8.317418686433887,-0.2274621228892953,-0.081204309395379,-0.3086664322846743
England,Male,10 to 14,4,0.941295942886169,0.909406872119563,3.622049129856383,3.687051797729824,-0.11654021836003133,0.06015031020812975,-0.05638990815190158
England,Male,15 to 19,5,0.932570685884897,0.894750821166392,3.3983676945264776,3.5743002992901096,-0.13185268012659634,0.16074271623806943,0.02889003611147309
England,Male,20 to 24,6,0.918217985689191,0.875103660862981,6.231696102644978,6.725946293768407,-0.2793300016304186,0.44317478327709686,0.16384478164667826
England,Male,25 to 29,7,0.903791659329775,0.860956997739692,5.409331698998808,3.051114919904405,-0.18120018391084042,-2.0808299469927656,-2.262030130903606
England,Male,30 to 34,8,0.885924675898217,0.844715389476444,4.798255898723639,5.6216947887445,-0.21469936619031257,0.7125381672288705,0.49783880103855793
England,Male,35 to 39,9,0.862780709947116,0.824097479276485,4.378714105219593,4.995837403119551,-0.1813189692153972,0.5205059156445893,0.33918694642919206
England,Male,40 to 44,10,0.835719524565035,0.79932624061783,4.073655333369921,4.546524790764428,-0.156858331466837,0.38658160189860424,0.22972327043176724
England,Male,45 to 49,11,0.804982250572523,0.769099772841101,3.858015443732606,4.267230824764767,-0.1457769841458386,0.32206928749354063,0.17629230334770205
England,Male,50 to 54,12,0.768446204309063,0.735821363048518,5.32446473340682,4.070534152035249,-0.15325517364027227,-0.9431235526375451,-1.0963787262778173
England,Male,55 to 59,13,0.726351438845764,0.700126885194305,4.714711535496791,5.482461356017842,-0.1337081537933646,0.5475892386294658,0.41388108483610125
England,Male,60 to 64,14,0.682502945725996,0.658744680162593,4.180338751720738,4.689641479351933,-0.10536767293597957,0.34155053714696165,0.23618286421098209
England,Male,65 to 69,15,0.640116327281178,0.620771892698475,3.614461255771616,3.834312252702484,-0.07204615592802402,0.13860376609045727,0.06655761016243325
England,Male,70 to 74,16,0.590355953027762,0.583204246233622,4.008848496753057,3.074511707418511,-0.02532905764875739,-0.5482502343343456,-0.573579291983103
England,Male,75 to 79,17,0.532997713177118,0.532466235675025,3.1275921723286237,3.328737867870553,-0.001715697081226287,0.10715674353335743,0.10544104645213113
England,Male,80 to 84,18,0.470750695247395,0.47418935399506,2.7139069578231854,2.7595173357607967,0.009410619163407408,0.02154953638716673,0.030960155550574138
England,Male,85 to 89,19,0.407938804639104,0.409791374167582,1.4189798763291508,1.397780626730574,0.002609122338494418,-0.008667633082405922,-0.006058510743911503
England,Male,90+,20,0.33245183444728,0.335969391655303,0.792892031031599,1.041045141378194,0.003225489459935686,0.08293540313952032,0.086160892599456
England,Female,<1,1,0.940656478645112,0.913638982496438,2.8421709430404014e-14,4.510907036823994,-0.06093670674720972,4.182277222007079,4.121340515259869
England,Female,01 to 04,2,0.939780113748636,0.909474863593331,4.616028505969407,4.13389561631393,-0.13258431968286727,-0.4457933229678276,-0.5783776426506948
England,Female,05 to 09,3,0.936476870733064,0.901034076498792,4.202718770052227,3.8837591985934528,-0.14330368736134128,-0.29304585213993983,-0.4363495395012811
England,Female,10 to 14,4,0.929642865420961,0.888472044122713,7.430094289079877,3.730488323261752,-0.22974517615852552,-3.3631543829453285,-3.592899559103854
England,Female,15 to 19,5,0.91778988702663,0.862578100767296,3.3741953355241745,3.857893172240893,-0.19964826244965528,0.43058007212780947,0.2309318096781542
England,Female,20 to 24,6,0.903196850211953,0.840816014013519,6.236708494279588,7.343678501436021,-0.42357794834553886,0.9652849663962911,0.5417070180507523
England,Female,25 to 29,7,0.887144580739154,0.829851285275424,2.897734615778995,3.2603354104368685,-0.17640806274916274,0.3112920327205847,0.13488396997142196
England,Female,30 to 34,8,0.867558416375897,0.814148521199087,5.489974456278815,5.985337138654273,-0.3064475947033046,0.4165274297832809,0.11007983507997626
England,Female,35 to 39,9,0.843558717407411,0.793041335275319,5.036152251149822,2.829438520126005,-0.1986745273435986,-1.805753904224641,-2.0044284315682397
England,Female,40 to 44,10,0.816075616733676,0.768976795579972,4.697381315839056,5.447600671780777,-0.23890834612122755,0.5945684999499081,0.35566015382868055
England,Female,45 to 49,11,0.784973799852011,0.73871058684649,6.326197275117012,5.0910301749055495,-0.26409881272643726,-0.9410024127779344,-1.2051012255043716
England,Female,50 to 54,12,0.750202783788577,0.709209985016578,3.840104956043278,4.707058056124764,-0.17518606671463877,0.6326212121070673,0.4574351453924286
England,Female,55 to 59,13,0.712212417758664,0.681525295088455,5.3336957405088,4.266314855750099,-0.14729835140135103,-0.743824496530163,-0.8911228479315141
England,Female,60 to 64,14,0.673179408522653,0.648739057231181,4.603626663942043,5.543795722847853,-0.12400328391804635,0.6214134199489971,0.49741013603095074
England,Female,65 to 69,15,0.628967411860579,0.622426473070025,4.080611432070263,4.13353274814468,-0.026864107149785914,0.03311270565900247,0.006248598509216555
England,Female,70 to 74,16,0.578893441714478,0.589699127823435,4.599703037866729,4.040905025043246,0.046683849259164294,-0.3265036028290369,-0.2798197535698726
England,Female,75 to 79,17,0.523321786946501,0.535046149350751,3.6081626041914383,3.2218081780678767,0.04003852633082357,-0.20445256832785152,-0.16441404199702797
England,Female,80 to 84,18,0.464295589248415,0.466113299268086,2.805612986158875,3.227710161937259,0.005483415969103539,0.1963614820809601,0.20184489805006364
England,Female,85 to 89,19,0.404106778375659,0.392917051572496,2.263973445845768,1.727202356824383,-0.022330083427636878,-0.2139096745886331,-0.23623975801626998
England,Female,90+,20,0.322160315859933,0.325675599527085,1.544336811316771,1.895146968524164,0.006045380577354594,0.11363370966075756,0.11967909023811216
Northern Ireland,Male,<1,1,0.956951061247225,0.94075368382839,1.4210854715202004e-14,1.4210854715202004e-14,-2.3017857726635753e-16,0.0,-2.3017857726635753e-16
Northern Ireland,Male,01 to 04,2,0.951863289731391,0.937467471425917,4.300215195746028,4.44932461856833,-0.06297839271169003,0.14085850965829314,0.0778801169466031
Northern Ireland,Male,05 to 09,3,0.94639198856387,0.929180027695402,7.526265562034014,4.158483247314647,-0.10055871963219355,-3.1582591331702607,-3.2588178528024545
Northern Ireland,Male,10 to 14,4,0.941024342859057,0.918876649364623,3.3020203674480606,3.933058414558478,-0.0801201536359819,0.5868341449757795,0.5067139913397976
Northern Ireland,Male,15 to 19,5,0.932648321269593,0.905561407958914,5.932482956207523,7.158834739527758,-0.17730169377346922,1.1271458897779925,0.9498441960045232
Northern Ireland,Male,20 to 24,6,0.914979053845617,0.888179117766233,2.7878040732265053,3.3259418210174,-0.08192399958566625,0.48517373869097435,0.4032497391053081
Northern Ireland,Male,25 to 29,7,0.899572925357051,0.870015013074629,5.1873437332478805,6.214525684795319,-0.1685077280570754,0.9088443960165309,0.7403366679594555
Northern Ireland,Male,30 to 34,8,0.880694852403004,0.849234668683812,6.683753034814626,5.548130928059402,-0.19240865835192772,-0.9822731036373329,-1.1746817619892607
Northern Ireland,Male,35 to 39,9,0.851925500130352,0.825794774778789,4.0094507981598655,5.025489473482069,-0.1180447714030253,0.8523143428399435,0.7342695714369182
Northern Ireland,Male,40 to 44,10,0.819170694528215,0.798790086005645,5.518334091354364,4.638572200550495,-0.1035019654678703,-0.7117101177644863,-0.8152120832323566
Northern Ireland,Male,45 to 49,11,0.782419195415222,0.767863866168896,3.425589460736524,4.371953971562416,-0.05674790598481885,0.7335664356088599,0.6768185296240411
Northern Ireland,Male,50 to 54,12,0.734799774572286,0.733723610081085,5.068405094528378,4.193705382796938,-0.004983777204638936,-0.6422584906135915,-0.6472422678182305
Northern Ireland,Male,55 to 59,13,0.686294496147658,0.696876972462362,4.695647852086759,5.686059096450144,0.05493208394454481,0.6849542876969906,0.7398863716415355
Northern Ireland,Male,60 to 64,14,0.629623834667917,0.657168418949172,4.575041936426455,4.77877122710445,0.12882344751699448,0.13107863653967386,0.25990208405666837
Northern Ireland,Male,65 to 69,15,0.588938819261099,0.617263877719885,3.832081269217776,2.886001976484889,0.09514505033275929,-0.570581697226135,-0.4754366468933758
Northern Ireland,Male,70 to 74,16,0.543988450607675,0.574636702253374,3.9866118784242905,4.813678530607623,0.134856757505621,0.46258878011242816,0.5974455376180492
Northern Ireland,Male,75 to 79,17,0.490506653033353,0.528105126805153,2.934763293340217,2.6485998931802164,0.10496296716341103,-0.14574470518080831,-0.04078173801739729
Northern Ireland,Male,80 to 84,18,0.430239303715083,0.47766434319589,2.2130389485393587,2.6420916183064302,0.11512737940856722,0.19476924179920682,0.30989662120777406
Northern Ireland,Male,85 to 89,19,0.375155769521654,0.424699879441107,1.3667423013703703,1.6652075982487535,0.07510762954850213,0.11936457686376116,0.1944722064122633
Northern Ireland,Male,90+,20,0.314708955801663,0.349296707344323,0.8595363582192015,0.8226085384231882,0.02909080487191021,-0.012260140736093654,0.016830664135816555
Northern Ireland,Female,<1,1,0.958792868036892,0.925984494646419,0.0,4.185383500618954,-0.06865781233531591,3.944258038057418,3.8756002257221023
Northern Ireland,Female,01 to 04,2,0.956754267556938,0.922452561121119,3.9775160666328433,3.8449325163063617,-0.13416166745063482,-0.12457595657195254,-0.2587376240225874
Northern Ireland,Female,05 to 09,3,0.952248340445083,0.9132838260728,7.042511622980465,3.640068786564495,-0.20812077895039163,-3.1736832780361675,-3.3818040569865593
Northern Ireland,Female,10 to 14,4,0.944894302242212,0.902131652376883,3.1666793558402104,3.480733541541281,-0.1421304951204987,0.2900331160733212,0.14790262095282253
Northern Ireland,Female,15 to 19,5,0.930061392682944,0.884063111732785,5.915823969090892,6.554433882157763,-0.2868052120813309,0.5792589460287051,0.2924537339473742
Northern Ireland,Female,20 to 24,6,0.909504628066788,0.862010113431301,5.414645588117465,3.1415779992974686,-0.203186843198489,-2.01338637100807,-2.216573214206559
Northern Ireland,Female,25 to 29,7,0.89271151473231,0.844395517813981,4.874676319119518,5.8828410699527165,-0.25988008850964234,0.8756450393188138,0.6157649508091714
Northern Ireland,Female,30 to 34,8,0.870855542694634,0.825769954419548,4.491552472886497,5.240544278889204,-0.2193886536019306,0.6353792975968963,0.41599064399496566
Northern Ireland,Female,35 to 39,9,0.842077039439469,0.801947453322026,4.2645954602166025,4.798866632987399,-0.18185649129570508,0.43917744690579874,0.25732095561009366
Northern Ireland,Female,40 to 44,10,0.80756022022439,0.774856240213474,5.9416433582302925,4.463754620462547,-0.17014896375039826,-1.1693177326697095,-1.3394666964201078
Northern Ireland,Female,45 to 49,11,0.769772875667719,0.73904397474965,3.718943101558503,4.353173812049776,-0.12402364041866891,0.4784689915207063,0.3544453511020374
Northern Ireland,Female,50 to 54,12,0.726050300492918,0.701088170697163,5.390196312829202,6.041545368440323,-0.14268030981969596,0.46478264771797895,0.322102337898283
Northern Ireland,Female,55 to 59,13,0.681117544060713,0.663586722810014,4.915578697379966,3.677104749119268,-0.07531839878220935,-0.8326906013171985,-0.9080090000994079
Northern Ireland,Female,60 to 64,14,0.637469415087766,0.625336414036116,4.405137296184147,5.036796585117696,-0.05727949685572275,0.39883151604276607,0.3415520191870433
Northern Ireland,Female,65 to 69,15,0.591549851657862,0.591345119474506,4.940246995807748,4.039419908621992,-0.0009192134055769272,-0.532791915645925,-0.5337111290515019
Northern Ireland,Female,70 to 74,16,0.537135033182861,0.550475809034597,4.018548774482139,3.3979891608732387,0.04947118509573644,-0.3374636820016582,-0.28799249690592177
Northern Ireland,Female,75 to 79,17,0.473570702945702,0.49662282929813,3.4369943870373856,3.8445277363151966,0.08392728401276171,0.1976931098214994,0.28162039383426113
Northern Ireland,Female,80 to 84,18,0.410009322438973,0.439771635471518,2.809287818450302,2.853165298405617,0.08426385109798801,0.018643123473562874,0.10290697457155087
Northern Ireland,Female,85 to 89,19,0.346352664492821,0.379420067810093,2.3000274658058872,2.0456145845421223,0.07184954917567732,-0.09232296598392975,-0.02047341680825243
Northern Ireland,Female,90+,20,0.270916992799632,0.311051286496499,1.2122370426131155,1.5045529947636105,0.054518224636399895,0.08505930584191686,0.13957753047831675
Scotland,Male,<1,1,0.954560862151538,0.925838888481186,1.4210854715202004e-14,4.628181451056548,-0.06646525288942907,4.351415623224853,4.284950370335424
Scotland,Male,01 to 04,2,0.95079675740666,0.92146730702991,4.788653778960514,1.067080419854453e-13,-0.07022429169073108,-4.482812193687976,-4.553036485378707
Scotland,Male,05 to 09,3,0.947181926826526,0.913948422981593,4.319327309582271,8.292695508923554,-0.20957085441559845,3.697478073378249,3.4879072189626505
Scotland,Male,10 to 14,4,0.941924674028811,0.903417248212918,7.463750508158676,3.680854727604403,-0.21457502968177944,-3.490368085664074,-3.704943115345854
Scotland,Male,15 to 19,5,0.931864123147783,0.889471936129942,3.322715187436648,3.54934961146261,-0.14566092807682954,0.2063887243760614,0.06072779629923186
Scotland,Male,20 to 24,6,0.916281434955944,0.870945603468841,6.131105145219394,6.622242901323486,-0.2890918189672216,0.4388873386502557,0.14979551968303412
Scotland,Male,25 to 29,7,0.899718058613743,0.853229352660289,2.836356483251308,3.0619445423455134,-0.1371021910019634,0.1977220021017602,0.06061981109979678
Scotland,Male,30 to 34,8,0.880138024053011,0.833994095886777,5.3445786185847375,5.721910628163468,-0.25532564242717526,0.32339845875016504,0.06807281632298978
Scotland,Male,35 to 39,9,0.856350139643116,0.813169417213917,4.853244012781465,5.049483915035227,-0.21380347297146485,0.1638131773241839,-0.04999029564728094
Scotland,Male,40 to 44,10,0.831424674064533,0.787765964913873,6.273722549314777,4.5823043629295945,-0.23698006074670758,-1.36936424699636,-1.6063443077430677
Scotland,Male,45 to 49,11,0.803207099929972,0.758092399470368,3.656495192115476,4.262781779117308,-0.17863790420690343,0.4732974723895504,0.29465956818264694
Scotland,Male,50 to 54,12,0.76465294787909,0.726212446629151,5.1034709506379565,4.008664112702634,-0.17513751964597865,-0.8161048141743821,-0.9912423338203608
Scotland,Male,55 to 59,13,0.719766144147337,0.691234273187765,4.588469656016867,5.324714187868228,-0.1414208411161217,0.5194206708514781,0.37799982973535645
Scotland,Male,60 to 64,14,0.666838066445772,0.651647163762906,4.332637146224135,3.218732732498453,-0.05735606247500041,-0.7343332586807841,-0.7916893211557845
Scotland,Male,65 to 69,15,0.630003207090417,0.614049314498867,3.496274924847214,4.252614165673216,-0.06181247212699826,0.47046286986325625,0.408650397736258
Scotland,Male,70 to 74,16,0.583206495372984,0.57436200646931,3.706217917023065,3.337181727888435,-0.031147635001780413,-0.2135923342910816,-0.24473996929286201
Scotland,Male,75 to 79,17,0.526412783166401,0.528919944069703,2.8141416094745804,3.2206904642412573,0.007565147516606465,0.21452215582781597,0.22208730334442245
Scotland,Male,80 to 84,18,0.464649377414508,0.476216203670783,2.1266561880793726,2.067224419325233,0.02425494416270502,-0.02795865282189504,-0.0037037086591900185
Scotland,Male,85 to 89,19,0.40385675249516,0.421505972296129,1.260136273766392,1.3087546780961634,0.022669460527071368,0.020063909336312403,0.042733369863383774
Scotland,Male,90+,20,0.364158762728981,0.353533574128999,0.5820465485251367,0.5629208369913051,-0.006082747205970255,-0.006863188302393603,-0.012945935508363858
Scotland,Female,<1,1,0.943156404748609,0.914909384360397,7.105427357601003e-14,-2.8421709430404014e-14,-6.021214543113428e-16,-9.24164604311034e-14,-9.301858188541474e-14
Scotland,Female,01 to 04,2,0.941103138874494,0.908893158209275,4.720499653047019,4.307718912907831,-0.1453993727253888,-0.3818214203824984,-0.5272207931078872
Scotland,Female,05 to 09,3,0.935781117299336,0.901840417559283,8.186917187461138,4.016992095890182,-0.20710461032053615,-3.8313720735090433,-4.03847668382958
Scotland,Female,10 to 14,4,0.927016635467109,0.888107499611044,3.628651203098939,3.883160009884706,-0.14613904150554666,0.2309825388933941,0.08484349738784744
Scotland,Female,15 to 19,5,0.913287193943021,0.856321789156398,3.504509035453456,7.844973933841994,-0.3232639457323999,3.8404628375080323,3.5171988917756325
Scotland,Female,20 to 24,6,0.897538658460536,0.83099076854649,6.47638776865295,3.8087288243155744,-0.3422264033909988,-2.3055634932528264,-2.6477898966438254
Scotland,Female,25 to 29,7,0.88019668740208,0.815423388402202,3.010724930834189,6.952860752318234,-0.32268715728286806,3.3421823202277756,3.0194951629449074
Scotland,Female,30 to 34,8,0.860124789876257,0.797820266551306,5.689560112840125,3.203354650785954,-0.2770344076585709,-2.060996027537959,-2.3380304351965298
Scotland,Female,35 to 39,9,0.836565493287073,0.779059676218434,5.159782925849626,5.954001034017741,-0.3195536136682536,0.6415793828167271,0.32202576914847353
Scotland,Female,40 to 44,10,0.810077295737013,0.755333332674475,4.749863616652375,5.330223988239824,-0.275911971754683,0.454251146995917,0.178339175241234
Scotland,Female,45 to 49,11,0.780714972455531,0.727309240819612,4.4354715420435005,2.626760485762221,-0.1885818342137922,-1.3637900338453148,-1.552371868059107
Scotland,Female,50 to 54,12,0.747611417237459,0.695768828161873,4.228245128640104,5.317865931404473,-0.24744755647789898,0.786368570843126,0.538921014365227
Scotland,Female,55 to 59,13,0.712112219305587,0.666035418748328,5.695207167227045,4.847351385929327,-0.24288368390850582,-0.5842352212029027,-0.8271189051114085
Scotland,Female,60 to 64,14,0.676240523688692,0.632783342399012,4.686581478370395,6.191305519050967,-0.23636115364779658,0.9848598405633971,0.7484986869156005
Scotland,Female,65 to 69,15,0.635661556529885,0.609438152060521,3.962268845948772,3.122232085918557,-0.09288986669997155,-0.5229647625594247,-0.6158546292593963
Scotland,Female,70 to 74,16,0.589965009168888,0.58176189885208,3.4468855871343083,4.586765986753523,-0.03295046505370042,0.667814268079764,0.6348638030260636
Scotland,Female,75 to 79,17,0.539088967263523,0.530762307292883,3.708858751769013,3.88182688243076,-0.03160252911000157,0.09252508752305437,0.0609225584130528
Scotland,Female,80 to 84,18,0.484975102577913,0.461148681479647,2.5790216983541723,2.410891938342965,-0.059445891775962934,-0.07953578237724643,-0.13898167415320936
Scotland,Female,85 to 89,19,0.430303945902297,0.393687209282954,1.6498613832478055,1.7226721059326735,-0.06174558525661774,0.02999769574748867,-0.031747889509129074
Scotland,Female,90+,20,0.358979871933094,0.335922105499828,1.2499327526057589,1.3601764899711493,-0.030091644640323607,0.03830429554740274,0.008212650907079136
Wales,Male,<1,1,0.948400122533567,0.928183618819096,-4.263256414560601e-14,4.371599216490836,-0.044189225899182394,4.101836006688411,4.057646780789229
Wales,Male,01 to 04,2,0.946028425531483,0.92322209158757,4.471888473709615,4.012787813333893,-0.09675218040415735,-0.4290870734085089,-0.5258392538126663
Wales,Male,05 to 09,3,0.942077439558478,0.913237891963064,4.077718822511957,3.793448454771199,-0.11350045166233626,-0.26370558578334763,-0.3772060374456839
Wales,Male,10 to 14,4,0.935751009509416,0.901528061174131,3.777548321650931,3.6202062057210247,-0.12658648549368576,-0.1445406882675407,-0.27112717376122647
Wales,Male,15 to 19,5,0.925876669561783,0.884455897073118,6.778836218586581,6.732958516059089,-0.2798344878086503,-0.041526949483953655,-0.3213614372926039
Wales,Male,20 to 24,6,0.90983663783259,0.862651301713759,5.966068837830271,3.2066793639075644,-0.21640960351620078,-2.445492281519571,-2.6619018850357716
Wales,Male,25 to 29,7,0.892778959978231,0.845647110047907,2.782766752643381,5.938846048488465,-0.20553287284666916,2.743305263483415,2.537772390636746
Wales,Male,30 to 34,8,0.872499364880173,0.826468066806219,5.284497569400007,2.77640103054328,-0.18552681309895397,-2.1305871675214716,-2.3161139806204254
Wales,Male,35 to 39,9,0.847869226600912,0.805023833783661,6.910416213463765,5.2649134608931965,-0.2608283912886782,-1.3599200402838025,-1.6207484315724807
Wales,Male,40 to 44,10,0.820494466486364,0.780202198361445,4.059772257050867,4.7660889953286185,-0.17780698400710399,0.5652994236436895,0.3874924396365855
Wales,Male,45 to 49,11,0.788432008999691,0.749444207982441,5.509961195259241,4.471341939259871,-0.19457453025074228,-0.7986339261505544,-0.9932084564012966
Wales,Male,50 to 54,12,0.750478398255963,0.717283496685989,3.413743248825309,5.89464531637398,-0.15449552109843076,1.820686759915322,1.6661912388168914
Wales,Male,55 to 59,13,0.702521278584056,0.681345111644333,5.052029011059252,3.509048824494787,-0.09064540671482747,-1.0676392104874464,-1.1582846172022738
Wales,Male,60 to 64,14,0.652248991865206,0.64069627759732,4.680421719279495,4.85576822549992,-0.0550844388181624,0.11335671786724047,0.05827227904907807
Wales,Male,65 to 69,15,0.609359903536109,0.603233919280509,4.932681500407949,2.8440271440340945,-0.023819997358120463,-1.2663446852689777,-1.2901646826270983
Wales,Male,70 to 74,16,0.559828703017056,0.56488459590217,3.678450420915138,4.513904519571338,0.020709834527967003,0.46982316769760163,0.4905330022255686
Wales,Male,75 to 79,17,0.50242444139398,0.518155014326279,2.866951698420081,2.49177150839101,0.04214789311437241,-0.1914505970684463,-0.14930270395407388
Wales,Male,80 to 84,18,0.444079609739741,0.465201166814055,2.128552437759532,2.834644430096163,0.0524152229577353,0.32101793755513436,0.3734331605128697
Wales,Male,85 to 89,19,0.382190510111861,0.404372348846548,1.5086829260324774,1.240070225558625,0.03048619956502822,-0.10564038681862613,-0.0751541872535979
Wales,Male,90+,20,0.315802505282574,0.343947971900624,0.83696109314289,0.7555856032883107,0.02241148494104509,-0.026843759131287594,-0.004432274190242502
Wales,Female,<1,1,0.935098252505729,0.893346094884664,4.421549320711449,1.4210854715202004e-14,-0.09230461208382892,-4.042278431081328,-4.134583043165157
Wales,Female,01 to 04,2,0.933587125112176,0.889822135755318,-4.025166850493691e-14,4.340608953182811,-0.09498335231916331,3.9573532815189854,3.862369929199822
Wales,Female,05 to 09,3,0.928230934389152,0.880012348180323,7.811147758650028,4.107825517209387,-0.2873580202113782,-3.348253783137585,-3.6356118033489633
Wales,Female,10 to 14,4,0.919181354428354,0.867030353510116,3.494775320891532,7.506044668695641,-0.2868518866891657,3.5824881363712056,3.29563624968204
Wales,Female,15 to 19,5,0.906968290219763,0.841843927243697,6.388865926534245,3.653676428196333,-0.3270070867559951,-2.3916664058855464,-2.7186734926415417
Wales,Female,20 to 24,6,0.891513525018442,0.81650301671519,2.963858973282553,3.770875259113021,-0.25258791902965205,0.6891985828234382,0.4366106637937861
Wales,Female,25 to 29,7,0.872713523117327,0.800841606582605,5.600209309196927,6.908777849996519,-0.44952244051973045,1.094980797009556,0.6454583564898255
Wales,Female,30 to 34,8,0.850628939796396,0.780899590253191,5.10013148709369,3.2384518468191548,-0.2907219959927761,-1.5186917234601782,-1.8094137194529543
Wales,Female,35 to 39,9,0.825347336461306,0.758868786843583,4.7158633438466255,6.152008414602441,-0.361240175966553,1.1375820882481016,0.7763419122815486
Wales,Female,40 to 44,10,0.796812074337263,0.735779201269492,4.426448768863536,5.484184911883153,-0.3024372237290941,0.8105385923429018,0.5081013686138077
Wales,Female,45 to 49,11,0.765040325061873,0.708127356558588,4.218371399965928,5.027013674244351,-0.26309115476463535,0.5956328322295207,0.33254167746488533
Wales,Female,50 to 54,12,0.730065343373623,0.678497831589062,5.768526909497299,4.650599695855967,-0.2686442170031943,-0.7873355527119112,-1.0559797697151057
Wales,Female,55 to 59,13,0.691860255097813,0.649380281429584,4.991779494295636,4.259427893172572,-0.19649552310948742,-0.4911298272084982,-0.6876253503179857
Wales,Female,60 to 64,14,0.650221669703085,0.618411767310021,3.12941320650181,3.934553400123148,-0.1123520441323018,0.510713885555618,0.3983618414233162
Wales,Female,65 to 69,15,0.605431295850664,0.590165359085769,5.5559282441096,4.833419006455086,-0.07930155907782849,-0.4319148138502043,-0.5112163729280328
Wales,Female,70 to 74,16,0.557499764916717,0.558533587900974,3.3843222943753983,3.676653748919589,0.0036498996624229063,0.16312582667451273,0.16677572633693563
Wales,Female,75 to 79,17,0.506399423739326,0.506156318433322,3.710889836969422,4.08840287185697,-0.0009480247202970855,0.19112649561020495,0.19017847088990786
Wales,Female,80 to 84,18,0.452022338856142,0.444598760348538,2.6776209972242544,3.197135290871337,-0.021805857258858946,0.23290373851119509,0.21109788125233614
Wales,Female,85 to 89,19,0.394248900246376,0.385981086613291,2.0667347947356864,1.9103095250419468,-0.01644073062322036,-0.061023843058833155,-0.07746457368205352
Wales,Female,90+,20,0.307447106375052,0.325905127761605,1.4156678764123367,1.6543972409436554,0.02833366379713363,0.07559988818996755,0.10393355198710118
